epoch,train_loss,val_loss,val_acc,val_macro_f1
1,1.053159190022297,0.9895297884941101,0.6731707317073171,0.5973034869976359
2,0.9328854428175603,0.7856325507164001,0.7317073170731707,0.6849600296988827
3,0.7557827820338964,0.5800532102584839,0.7609756097560976,0.7265479975429147
4,0.6501933750248354,0.530259907245636,0.7853658536585366,0.7638675754177972
5,0.6245843324202374,0.4659561514854431,0.7853658536585366,0.7650456098731961
6,0.5904229425486162,0.46157220005989075,0.7951219512195122,0.7727873688393668
7,0.581067903520672,0.44266730546951294,0.8,0.7830972230715396
8,0.5741047587354812,0.4427567720413208,0.7951219512195122,0.7658371040723981
9,0.5546090722582829,0.42849001288414,0.8097560975609757,0.7867759316412765
10,0.5425184915255303,0.40820997953414917,0.8292682926829268,0.814684992812582
11,0.5395365549430687,0.4020138680934906,0.8390243902439024,0.8280294231513744
12,0.5232099721122486,0.3941502571105957,0.8390243902439024,0.8213162399168753
13,0.503281815281473,0.3835597634315491,0.8292682926829268,0.8102784141279367
14,0.5029774456592784,0.3612906038761139,0.8536585365853658,0.840193863182369
15,0.49896793011342133,0.3555815815925598,0.8439024390243902,0.8286935286935287
16,0.4742026858998143,0.35333895683288574,0.848780487804878,0.832867227895663
17,0.4772300410968988,0.34246647357940674,0.8634146341463415,0.8511852926947266
18,0.465935602472417,0.35970741510391235,0.8731707317073171,0.8595394354000351
19,0.4573783788471541,0.33865922689437866,0.8634146341463415,0.8520625889046943
20,0.4770558581192623,0.3345881700515747,0.8634146341463415,0.8520625889046943
21,0.45674603441769107,0.3438361585140228,0.8585365853658536,0.8395648114318192
22,0.4425233812012932,0.3242715001106262,0.8780487804878049,0.8584114561292582
23,0.44864287174396433,0.31503474712371826,0.8926829268292683,0.8794002842084435
24,0.43891113460313325,0.31153804063796997,0.8878048780487805,0.8723386388793465
25,0.4299638833710339,0.3094235956668854,0.8878048780487805,0.8724619798563461
26,0.4250004529703611,0.3082711398601532,0.8682926829268293,0.8506342703003867
27,0.4359484833653502,0.2996024489402771,0.8829268292682927,0.8654455997708821
28,0.4086249511860405,0.3028990626335144,0.8731707317073171,0.85289363972259
29,0.42382555327156096,0.304923951625824,0.8926829268292683,0.8803925466189471
30,0.4184690041771494,0.30101078748703003,0.8829268292682927,0.8726059392726059
31,0.408158227738975,0.29913222789764404,0.8682926829268293,0.8500508540669184
32,0.40893833919050304,0.31046929955482483,0.8829268292682927,0.8703129307968017
33,0.4052671206546129,0.31793826818466187,0.8731707317073171,0.8537449971412236
34,0.4011006700693314,0.2881441116333008,0.8878048780487805,0.8773472684677758
35,0.38816254532985606,0.3103414475917816,0.8878048780487805,0.8721667536337984
36,0.38765572641185136,0.2779911458492279,0.8829268292682927,0.8721550905458951
37,0.3684492505245129,0.2786773145198822,0.8829268292682927,0.8726059392726059
38,0.3793760364773882,0.2783702313899994,0.8926829268292683,0.8842942630881141
39,0.3701193742921662,0.27721789479255676,0.8926829268292683,0.8839899302630109
40,0.37084301932087504,0.28074005246162415,0.8780487804878049,0.8623474668580808
41,0.3641668551885932,0.27479055523872375,0.8878048780487805,0.8773472684677758
42,0.3821511400793387,0.29288434982299805,0.8682926829268293,0.8514346891316747
43,0.38125640877121164,0.27315089106559753,0.8878048780487805,0.8797717605560743
44,0.3681904158582248,0.2751379907131195,0.8829268292682927,0.8741750251496443
45,0.36094395760212983,0.27423393726348877,0.8926829268292683,0.8842942630881141
46,0.3639158610270113,0.29334405064582825,0.8829268292682927,0.8741750251496443
47,0.3532480070032335,0.2735901176929474,0.8926829268292683,0.8819943160080888
48,0.34011994981865507,0.27750447392463684,0.8878048780487805,0.8773472684677758
49,0.35520786869974813,0.28616705536842346,0.8926829268292683,0.8855666571745759
50,0.3618058845338462,0.2978546619415283,0.8780487804878049,0.8629379904940864
51,0.35039361114282486,0.26764923334121704,0.8878048780487805,0.8763772531736431
52,0.3456491741924605,0.2683110535144806,0.8878048780487805,0.8789339481661758
53,0.33787063811613427,0.26849454641342163,0.8926829268292683,0.8880906305434607
54,0.3256883378058797,0.27250853180885315,0.8731707317073171,0.856007614313331
55,0.34563698042885527,0.26877209544181824,0.8975609756097561,0.892811052225098
56,0.32314444610763293,0.26354140043258667,0.8975609756097561,0.8924797881237803
57,0.3286367395432923,0.2551266551017761,0.8829268292682927,0.8702058046864999
58,0.3262720125489654,0.2685810327529907,0.8975609756097561,0.8912741005764261
59,0.34973569968754276,0.2747764587402344,0.8829268292682927,0.8742906022273034
60,0.3422861025672577,0.2724267542362213,0.8829268292682927,0.8750750750750752
61,0.3342917954323182,0.2603963017463684,0.8878048780487805,0.8773388297263254
62,0.3184068372558849,0.2522501051425934,0.8926829268292683,0.8860524214781974
63,0.31864201187089897,0.2533239424228668,0.8926829268292683,0.8884176882044269
64,0.32574757621876865,0.26517802476882935,0.8878048780487805,0.8782559268052275
65,0.3166754836816668,0.24621127545833588,0.8975609756097561,0.8924797881237803
66,0.31564057060365397,0.2535803020000458,0.8926829268292683,0.8851116801821027
67,0.31400950970011277,0.25283724069595337,0.9024390243902439,0.8996507155664873
68,0.310464330921612,0.24506522715091705,0.8926829268292683,0.8845008464295065
69,0.31873608707882867,0.2710131108760834,0.8926829268292683,0.8842942630881141
70,0.3122372239454022,0.24625524878501892,0.8926829268292683,0.8835502735332956
71,0.30245495353782526,0.2525266110897064,0.8975609756097561,0.8909062785325412
72,0.29420711654998266,0.24662388861179352,0.8926829268292683,0.8845008464295065
73,0.29269776415375987,0.2430240958929062,0.8926829268292683,0.8858909976150283
74,0.31317461135497154,0.23670397698879242,0.9073170731707317,0.9043391335681324
75,0.30482838355846487,0.25294527411460876,0.8975609756097561,0.8920612665434536
76,0.2989320332285749,0.23824907839298248,0.8878048780487805,0.8782559268052275
77,0.29483324501304947,0.24027134478092194,0.9024390243902439,0.8967908401870667
78,0.2938332199800962,0.25644686818122864,0.9121951219512195,0.9070237768957735
79,0.2978816664617929,0.251796156167984,0.8878048780487805,0.8780772207552988
80,0.28386302136477065,0.23398791253566742,0.9024390243902439,0.8989316000414992
81,0.2992561863556068,0.22755171358585358,0.9121951219512195,0.9083658287839702
82,0.30093490466413136,0.2268633246421814,0.8926829268292683,0.8827904124679159
83,0.29796754534523856,0.23235198855400085,0.9073170731707317,0.9036690864547395
84,0.29657492640128197,0.23077945411205292,0.9024390243902439,0.8967908401870667
85,0.28333946420308437,0.25191688537597656,0.9024390243902439,0.9019887833447156
86,0.29491757935061114,0.24918393790721893,0.8878048780487805,0.884915113413188
87,0.28570873904427724,0.2338903546333313,0.8975609756097561,0.892811052225098
88,0.2834980309508336,0.24463017284870148,0.8975609756097561,0.8963513588397812
89,0.273077139919273,0.2280624508857727,0.9073170731707317,0.9036690864547395
90,0.26703768663077176,0.2421649843454361,0.8975609756097561,0.8920840138040461
91,0.28960685325965724,0.24891497194766998,0.8878048780487805,0.88701283568966
92,0.29085548589917903,0.23398898541927338,0.8975609756097561,0.892811052225098
93,0.27901941575265826,0.22623366117477417,0.9170731707317074,0.915177160911758
94,0.2815798646984739,0.2566092610359192,0.8878048780487805,0.8769312181634458
95,0.2972745557459827,0.22244945168495178,0.8926829268292683,0.8827904124679159
96,0.29248164912148,0.2237509936094284,0.9024390243902439,0.8967908401870667
97,0.28190058931147205,0.23421068489551544,0.8975609756097561,0.8920840138040461
98,0.2732995976713412,0.2352641224861145,0.9024390243902439,0.9030474989491383
99,0.2637879736253906,0.23294556140899658,0.9073170731707317,0.9036690864547395
100,0.26423903526621384,0.23371833562850952,0.9024390243902439,0.9023809523809524
101,0.26286632707927016,0.23164960741996765,0.8878048780487805,0.8856504397373962
102,0.25918134573114465,0.25469034910202026,0.8975609756097561,0.8984936357546177
103,0.27406976537225636,0.22951209545135498,0.9073170731707317,0.9028346363303913
104,0.27155802377098276,0.2245945781469345,0.8975609756097561,0.892811052225098
105,0.25171640951763136,0.2292885035276413,0.9024390243902439,0.8967908401870667
106,0.24857131394881085,0.2313753068447113,0.8975609756097561,0.89162422850863
107,0.27745294720557945,0.23583418130874634,0.8878048780487805,0.884915113413188
108,0.27223334738898974,0.21596115827560425,0.9073170731707317,0.9014802517603036
109,0.2578916294679482,0.2286304235458374,0.9024390243902439,0.900334699867252
110,0.2548972248532283,0.2186644971370697,0.9024390243902439,0.8992300107070593
111,0.267302519419702,0.2414165586233139,0.8975609756097561,0.8990475629393974
112,0.24645150144229874,0.2191789597272873,0.9024390243902439,0.8967908401870667
113,0.24855597884585168,0.22748738527297974,0.9073170731707317,0.9036690864547395
114,0.2573931809499174,0.21561524271965027,0.9024390243902439,0.8967908401870667
115,0.24963635062822237,0.2161565124988556,0.9073170731707317,0.9064153623534722
116,0.2519959439543002,0.2274405062198639,0.8926829268292683,0.8858909976150283
117,0.2595716612608363,0.21413235366344452,0.9024390243902439,0.9023809523809524
118,0.2464864393033742,0.21943345665931702,0.9024390243902439,0.8996507155664873
119,0.24267399585396676,0.22044812142848969,0.8975609756097561,0.889833151411196
120,0.24961741493087433,0.21412523090839386,0.9121951219512195,0.9104732970898626
121,0.24144230390193572,0.223613440990448,0.8975609756097561,0.8983688560243585
122,0.25343803768377426,0.21254423260688782,0.8975609756097561,0.892811052225098
123,0.24327495550760164,0.22442206740379333,0.9073170731707317,0.9059121008028649
124,0.25047961775229066,0.21588145196437836,0.9073170731707317,0.9064153623534722
125,0.2399188177854945,0.22151368856430054,0.8926829268292683,0.8858909976150283
126,0.23938830776693432,0.22139786183834076,0.8975609756097561,0.89593160300231
127,0.23504825653391404,0.22207382321357727,0.9024390243902439,0.9025432562017928
128,0.2418874071981119,0.22098557651042938,0.8975609756097561,0.8983688560243585
129,0.23725375813669738,0.2160843461751938,0.9073170731707317,0.9036690864547395
130,0.22476589255751925,0.20864911377429962,0.9024390243902439,0.9030474989491383
131,0.2313921728393523,0.23256902396678925,0.8975609756097561,0.895203513504167
132,0.21867705283055244,0.2221083790063858,0.8926829268292683,0.894377889869693
133,0.23247085848363375,0.21277444064617157,0.9073170731707317,0.9059121008028649
134,0.23250881261406584,0.2041439712047577,0.9073170731707317,0.9064153623534722
135,0.2453856539277352,0.20396077632904053,0.9121951219512195,0.9131101808960808
136,0.23688409430711338,0.23924888670444489,0.9121951219512195,0.9121302182782675
137,0.236256463632424,0.21004605293273926,0.9170731707317074,0.9172086939382537
138,0.22862072494738273,0.22275061905384064,0.8926829268292683,0.8851116801821027
139,0.233666076819767,0.20388014614582062,0.9170731707317074,0.9172086939382537
140,0.22598841642984285,0.20647947490215302,0.8975609756097561,0.892811052225098
141,0.22553206450270807,0.20601266622543335,0.9024390243902439,0.8996507155664873
142,0.23507161687856937,0.22807464003562927,0.8975609756097561,0.8912741005764261
143,0.21664663709731283,0.21016445755958557,0.9024390243902439,0.8967908401870667
144,0.23163920859163276,0.21153250336647034,0.9024390243902439,0.8992300107070593
145,0.23129725194376383,0.21360164880752563,0.9024390243902439,0.8987517318825885
146,0.21761919813674863,0.22295187413692474,0.9121951219512195,0.915903699097107
147,0.2225100717285188,0.2070217728614807,0.9121951219512195,0.912292514876292
148,0.21578236977924362,0.20284463465213776,0.9073170731707317,0.9064153623534722
149,0.2173113127757316,0.21755896508693695,0.8926829268292683,0.8842753250647988
150,0.21929063775798766,0.2067129909992218,0.9073170731707317,0.9064153623534722
151,0.21177459760689835,0.217029869556427,0.9024390243902439,0.8989316000414992
152,0.21858418112519395,0.20569133758544922,0.9073170731707317,0.9036690864547395
153,0.2109253241302578,0.20129500329494476,0.9121951219512195,0.9111111111111111
154,0.21492245537715976,0.25168344378471375,0.9170731707317074,0.9212382808874037
155,0.2164246719876094,0.1965496689081192,0.9170731707317074,0.9172086939382537
156,0.20690135869770368,0.21140971779823303,0.8975609756097561,0.892811052225098
157,0.21516573291942165,0.20562170445919037,0.9073170731707317,0.9070682905611136
158,0.20742740117356367,0.20903800427913666,0.9170731707317074,0.9168617886178861
159,0.20936923346260103,0.2233598679304123,0.8926829268292683,0.8842753250647988
160,0.2207254575386207,0.2082739621400833,0.9024390243902439,0.8989316000414992
161,0.21303098358868555,0.1949147880077362,0.9121951219512195,0.9104732970898626
162,0.19317154361862518,0.19666138291358948,0.9024390243902439,0.8996507155664873
163,0.2070647532969838,0.21264563500881195,0.8878048780487805,0.8788849749310663
164,0.20664160096994505,0.20566821098327637,0.9024390243902439,0.8967908401870667
165,0.21065247383077773,0.18679240345954895,0.9121951219512195,0.9111111111111111
166,0.20675930941952822,0.21026788651943207,0.9024390243902439,0.9023809523809524
167,0.20297697488857613,0.1983710080385208,0.9121951219512195,0.9128384687208216
168,0.20237357540360057,0.2002379298210144,0.9024390243902439,0.8967908401870667
169,0.20101043295161994,0.19009703397750854,0.9170731707317074,0.9157677250978686
170,0.19582197718540495,0.19509238004684448,0.9073170731707317,0.9064153623534722
171,0.21145830250434797,0.19588132202625275,0.9073170731707317,0.9070682905611136
172,0.19814859399236895,0.19849704205989838,0.9121951219512195,0.9111111111111111
173,0.18638042569409854,0.1879519373178482,0.9219512195121952,0.9224762242306102
174,0.19895562236528516,0.19462493062019348,0.9073170731707317,0.9064153623534722
175,0.19507503041911822,0.21518918871879578,0.8926829268292683,0.8858909976150283
176,0.20297905871309496,0.1853419989347458,0.9121951219512195,0.9131101808960808
177,0.18812227448658964,0.20371180772781372,0.9024390243902439,0.8960549456351771
178,0.1988646790821682,0.199372336268425,0.8926829268292683,0.8858909976150283
179,0.2063458649807894,0.22091859579086304,0.926829268292683,0.9296521727599422
180,0.19942459626177864,0.19710959494113922,0.9170731707317074,0.9168617886178861
181,0.18910266315587893,0.19598105549812317,0.9121951219512195,0.9111111111111111
182,0.1849000806214919,0.183002308011055,0.9170731707317074,0.9157677250978686
183,0.18787982953891594,0.1789179891347885,0.9170731707317074,0.9157677250978686
184,0.1966432609817473,0.18853604793548584,0.9121951219512195,0.9131101808960808
185,0.17466879433418417,0.1917652040719986,0.8975609756097561,0.8905641783690564
186,0.1878485511286987,0.18624116480350494,0.9219512195121952,0.9209051049170061
187,0.18173109599735945,0.19800344109535217,0.9317073170731708,0.9325548865778751
188,0.1903982427142654,0.17961040139198303,0.9219512195121952,0.9224762242306102
189,0.18870238055743932,0.1868084818124771,0.9121951219512195,0.9131101808960808
190,0.17529986717710935,0.17568619549274445,0.926829268292683,0.9271012377072982
191,0.1914139534015536,0.19657225906848907,0.9121951219512195,0.9104732970898626
192,0.19290605960530716,0.21452577412128448,0.9170731707317074,0.9073803912766992
193,0.19786507976105025,0.18554265797138214,0.9121951219512195,0.9098023418197444
194,0.18020536198775639,0.20046956837177277,0.8975609756097561,0.8890665867026505
195,0.17898336230586265,0.19267554581165314,0.9024390243902439,0.8989316000414992
196,0.17936653890120932,0.1818675398826599,0.9219512195121952,0.9230044965374021
197,0.18246178123242685,0.18485994637012482,0.9073170731707317,0.9007933978936465
198,0.18970707457933467,0.20809897780418396,0.8926829268292683,0.8851116801821027
199,0.1736042013228189,0.17587031424045563,0.926829268292683,0.9275864387554339
200,0.16864454914585816,0.18778946995735168,0.9317073170731708,0.9329538649345862
201,0.17626347925872485,0.1891857236623764,0.9219512195121952,0.9196351898411222
202,0.18550474711043066,0.18369163572788239,0.9219512195121952,0.9235053569173685
203,0.1769743408368721,0.17531977593898773,0.9219512195121952,0.9198412698412698
204,0.1768485294600411,0.18962296843528748,0.9121951219512195,0.9098023418197444
205,0.17615301994349666,0.1890641301870346,0.9024390243902439,0.8960549456351771
206,0.16901810330077693,0.17633028328418732,0.9121951219512195,0.9061310274425027
207,0.1744033604486218,0.20164422690868378,0.9365853658536586,0.9373959230548378
208,0.1799751073745504,0.17010317742824554,0.9414634146341463,0.9407621101300618
209,0.18788310954012133,0.18480010330677032,0.9170731707317074,0.9136017236511216
210,0.18419043582603023,0.18912118673324585,0.9317073170731708,0.9297655595151776
211,0.17558023408367046,0.18869344890117645,0.9365853658536586,0.9344342733020442
212,0.17711264125722223,0.17774687707424164,0.9170731707317074,0.9118533729250072
213,0.17023287252152813,0.17630034685134888,0.926829268292683,0.9271012377072982
214,0.1706878256722973,0.17929516732692719,0.9073170731707317,0.9057281007985233
215,0.18125023711550683,0.18618802726268768,0.9121951219512195,0.9043645565384696
216,0.16256198530167215,0.17550422251224518,0.926829268292683,0.9265898952173462
217,0.17780064442292418,0.16762109100818634,0.926829268292683,0.9275864387554339
218,0.19146428902528276,0.19921457767486572,0.9024390243902439,0.8960549456351771
219,0.19972704201313243,0.22676795721054077,0.8780487804878049,0.8628286175854886
220,0.1729921337887333,0.1832156926393509,0.9024390243902439,0.895199876524155
221,0.16019768227343778,0.16711296141147614,0.926829268292683,0.9265898952173462
222,0.17170861656446337,0.1762998104095459,0.9170731707317074,0.9165721050862592
223,0.16896494761670483,0.1706603467464447,0.926829268292683,0.9249695612898158
224,0.15228615620146238,0.1711934357881546,0.926829268292683,0.9260513537243097
225,0.16448533351077196,0.1974221020936966,0.8975609756097561,0.8867167530824113
226,0.16677882263600577,0.17023006081581116,0.9317073170731708,0.9312215724496425
227,0.17535788350773657,0.1721687614917755,0.9219512195121952,0.9209051049170061
228,0.17807817745907037,0.24041761457920074,0.926829268292683,0.9299987272495863
229,0.19604297116336464,0.19138869643211365,0.9463414634146341,0.9458972150445017
230,0.15406770012867502,0.17639341950416565,0.9317073170731708,0.9321337335237151
231,0.1630740039144101,0.17830890417099,0.9414634146341463,0.9388820132013201
232,0.1488474015162081,0.16708655655384064,0.9414634146341463,0.9407621101300618
233,0.15395129743230893,0.1726270169019699,0.9219512195121952,0.9186887323966669
234,0.15943193307855638,0.17332886159420013,0.9463414634146341,0.9455816097795257
235,0.17321980604317397,0.17357802391052246,0.9121951219512195,0.9098023418197444
236,0.15744839053772483,0.17825615406036377,0.9219512195121952,0.9213330215434796
237,0.17050909116926552,0.16582496464252472,0.9317073170731708,0.9312215724496425
238,0.17225020251014742,0.1942986398935318,0.9414634146341463,0.9395025931611297
239,0.15689825120081963,0.176031231880188,0.9463414634146341,0.9455816097795257
240,0.16986227172687962,0.17119573056697845,0.9170731707317074,0.9101494512955091
241,0.16059468003870553,0.16747328639030457,0.9463414634146341,0.9455816097795257
242,0.14849416063669835,0.1610795557498932,0.926829268292683,0.9275864387554339
243,0.15155268981117584,0.16765330731868744,0.9463414634146341,0.9455816097795257
244,0.14725994256375724,0.16015222668647766,0.926829268292683,0.9244671596346237
245,0.14226021140689132,0.15757781267166138,0.9512195121951219,0.9493904867364086
246,0.15188282734429986,0.15616373717784882,0.9414634146341463,0.9407621101300618
247,0.14880246983911202,0.16342124342918396,0.9414634146341463,0.9403746821185642
248,0.1582272647564381,0.17405784130096436,0.9414634146341463,0.9418097133340014
249,0.1674350597369621,0.1649017184972763,0.9463414634146341,0.9455816097795257
250,0.17649618682751594,0.19981402158737183,0.8878048780487805,0.8748322648747457
251,0.16502285440097794,0.1714920848608017,0.9121951219512195,0.9061310274425027
252,0.1605883930268148,0.16024149954319,0.9512195121951219,0.9500040307720656
253,0.14636816620577328,0.1657470315694809,0.9463414634146341,0.9455816097795257
254,0.14810430648187214,0.15337687730789185,0.9317073170731708,0.9312215724496425
255,0.149353060450514,0.1897786408662796,0.9317073170731708,0.9252602183295252
256,0.16139031223422812,0.16332387924194336,0.926829268292683,0.9265898952173462
257,0.14759927782304116,0.1692073941230774,0.9463414634146341,0.9461964856366891
258,0.151680045422151,0.17019052803516388,0.9463414634146341,0.9455816097795257
259,0.14668764841107643,0.15863977372646332,0.926829268292683,0.9217076236638952
260,0.15191559636942015,0.16190923750400543,0.9365853658536586,0.9353667392883079
261,0.1388984861234242,0.15657949447631836,0.9414634146341463,0.9403746821185642
262,0.1406991270421439,0.1579621434211731,0.9317073170731708,0.926775791361159
263,0.1544609174257043,0.15618225932121277,0.9512195121951219,0.9493904867364086
264,0.14887025671773377,0.16206353902816772,0.9121951219512195,0.9054910498306725
265,0.1415174855971436,0.15087921917438507,0.9414634146341463,0.9403746821185642
266,0.1433014935155294,0.1695624142885208,0.9170731707317074,0.9113122754861885
267,0.1406914632315416,0.1868911236524582,0.9024390243902439,0.8960549456351771
268,0.1586015180501479,0.17187584936618805,0.9219512195121952,0.9170809420014532
269,0.14591203305761186,0.16732650995254517,0.9317073170731708,0.9248287456008045
270,0.14901309288944659,0.15804719924926758,0.926829268292683,0.9239389594700439
271,0.15148664312632015,0.14831103384494781,0.9512195121951219,0.9493904867364086
272,0.14062407288591233,0.1630161553621292,0.9512195121951219,0.9500040307720656
273,0.1331967745116565,0.1502896398305893,0.9463414634146341,0.944899039065903
274,0.13514843689098519,0.1451481431722641,0.9414634146341463,0.9403746821185642
275,0.1377300751633225,0.14128485321998596,0.9414634146341463,0.9403746821185642
276,0.1539362815197043,0.15847381949424744,0.926829268292683,0.9239389594700439
277,0.13876851327000303,0.16748563945293427,0.9463414634146341,0.9458972150445017
278,0.15009901569727574,0.16652844846248627,0.9512195121951219,0.9502880022143003
279,0.1395820629272501,0.1587122529745102,0.9512195121951219,0.9505574640938431
280,0.12903728164638933,0.1492539644241333,0.9463414634146341,0.9452490922294844
281,0.13011644668409514,0.15061631798744202,0.9414634146341463,0.9403746821185642
282,0.14254300165375905,0.13967491686344147,0.9512195121951219,0.9490597749091453
283,0.14784501704960187,0.17650258541107178,0.9463414634146341,0.9439056838741363
284,0.13002899236135404,0.15157878398895264,0.9463414634146341,0.9452490922294844
285,0.12109293280535662,0.1451515257358551,0.9463414634146341,0.944899039065903
286,0.1299177214939724,0.1498720794916153,0.9463414634146341,0.944899039065903
287,0.13255014666453566,0.15344755351543427,0.9560975609756097,0.9541312836445499
288,0.13517327787487077,0.15146400034427643,0.9365853658536586,0.9353667392883079
289,0.14470632274529924,0.15195636451244354,0.9463414634146341,0.9458972150445017
290,0.13947941035531056,0.18401576578617096,0.9512195121951219,0.9505574640938431
291,0.1226213445972698,0.15568023920059204,0.9609756097560975,0.9587662910945993
292,0.13235939908227162,0.1518460214138031,0.9414634146341463,0.9381302849984342
293,0.13179313902700296,0.14171583950519562,0.9463414634146341,0.944899039065903
294,0.1196953387751739,0.144928440451622,0.9609756097560975,0.9582801191996594
295,0.12732944472314922,0.14613348245620728,0.9560975609756097,0.9515296567744004
296,0.12873152253767436,0.14534048736095428,0.9658536585365853,0.9626809575095742
297,0.12606147651767133,0.14633232355117798,0.9463414634146341,0.9452490922294844
298,0.13309016889233968,0.14403237402439117,0.9414634146341463,0.938007968333702
299,0.12314565507811981,0.14166252315044403,0.9512195121951219,0.9493904867364086
300,0.1213551276523199,0.138797789812088,0.9512195121951219,0.9470541953996389
301,0.13118666081560706,0.14702855050563812,0.9512195121951219,0.9497050416590646
302,0.11892961211907814,0.13854648172855377,0.9560975609756097,0.9538503994190268
303,0.1303184163059151,0.1707392781972885,0.9560975609756097,0.9546525475278655
304,0.1277690156359054,0.15162119269371033,0.9512195121951219,0.9500040307720656
305,0.12390861158341045,0.15008729696273804,0.9609756097560975,0.9582801191996594
306,0.12615807840764273,0.14935210347175598,0.9317073170731708,0.9312215724496425
307,0.12977504418484836,0.20141229033470154,0.9414634146341463,0.9424189593343821
308,0.13892557390938245,0.15275248885154724,0.9512195121951219,0.9502880022143003
309,0.1263463348461993,0.13898837566375732,0.9463414634146341,0.944899039065903
310,0.13122376904016259,0.14867278933525085,0.9609756097560975,0.9587662910945993
311,0.1320812873012351,0.14840394258499146,0.9609756097560975,0.9587662910945993
312,0.12547911092576622,0.16887080669403076,0.9560975609756097,0.9546525475278655
313,0.11962093581215608,0.14099617302417755,0.9609756097560975,0.9559751561683463
314,0.11024859391745165,0.14647018909454346,0.9512195121951219,0.9493904867364086
315,0.11799010503491597,0.1405787616968155,0.9609756097560975,0.9582801191996594
316,0.12869944897281574,0.1601501852273941,0.9560975609756097,0.9521088140646511
317,0.11235605333016009,0.14267022907733917,0.9512195121951219,0.9493904867364086
318,0.11684324847978528,0.1326914280653,0.9463414634146341,0.944899039065903
319,0.10905266038792902,0.14460358023643494,0.9658536585365853,0.9626809575095742
320,0.11901540399595284,0.13989043235778809,0.9512195121951219,0.9493904867364086
321,0.11807292780866184,0.13256201148033142,0.9512195121951219,0.9493904867364086
322,0.10520135034577119,0.13643737137317657,0.9512195121951219,0.9493904867364086
323,0.11376298533822703,0.14116083085536957,0.9560975609756097,0.9541312836445499
324,0.10773999558831858,0.13194741308689117,0.9560975609756097,0.9538503994190268
325,0.11328180495914555,0.13837897777557373,0.9707317073170731,0.9670541966095448
326,0.1144218765916186,0.14187537133693695,0.9658536585365853,0.9628997990238299
327,0.12171540452970121,0.13549047708511353,0.9463414634146341,0.944899039065903
328,0.11361686692078243,0.1369369924068451,0.9609756097560975,0.9582801191996594
329,0.11775722201898008,0.15002092719078064,0.9609756097560975,0.9587662910945993
330,0.11379784114939398,0.14854048192501068,0.9560975609756097,0.9521088140646511
331,0.11441103565393632,0.14248614013195038,0.9414634146341463,0.9403746821185642
332,0.15845408443377107,0.1563977748155594,0.9317073170731708,0.9307287312481839
333,0.1488593473843451,0.13987259566783905,0.9560975609756097,0.9515296567744004
334,0.12194308944077671,0.14454665780067444,0.9512195121951219,0.9500040307720656
335,0.1164821805939016,0.1815793812274933,0.9512195121951219,0.9505574640938431
336,0.11082056205267686,0.1434265673160553,0.9512195121951219,0.9497050416590646
337,0.11111548412045674,0.13957402110099792,0.9560975609756097,0.9538503994190268
338,0.11176341316939398,0.13537074625492096,0.9512195121951219,0.9493904867364086
339,0.11857836930447542,0.1321602463722229,0.9512195121951219,0.9493904867364086
340,0.11115829260030052,0.1334182769060135,0.9463414634146341,0.9445307778641112
341,0.10407421239125679,0.14143699407577515,0.9609756097560975,0.9582801191996594
342,0.1009773980187073,0.1377677321434021,0.9317073170731708,0.9307287312481839
343,0.11355281081907918,0.13063359260559082,0.9463414634146341,0.944899039065903
344,0.10950351822887504,0.13495095074176788,0.9609756097560975,0.9585291136908052
345,0.1056118218781559,0.14945268630981445,0.9658536585365853,0.9628997990238299
346,0.10997616477840615,0.13769370317459106,0.9658536585365853,0.9628997990238299
347,0.11109449393330259,0.12585502862930298,0.9512195121951219,0.9493904867364086
348,0.10089913833590232,0.12787377834320068,0.9609756097560975,0.9582801191996594
349,0.11783919773341223,0.1463717669248581,0.9658536585365853,0.9628997990238299
350,0.11658491627566485,0.1699787974357605,0.9317073170731708,0.9196577552492092
351,0.13073684873690666,0.1749967485666275,0.9414634146341463,0.9385840874811464
352,0.11107708283049292,0.12872780859470367,0.9463414634146341,0.9425474254742547
353,0.10255718156383627,0.13185639679431915,0.9414634146341463,0.939966920668675
354,0.10920349408767213,0.14520330727100372,0.9658536585365853,0.9628997990238299
355,0.11023254729963247,0.12417437136173248,0.9512195121951219,0.9493904867364086
356,0.12047055475881409,0.1399378776550293,0.9317073170731708,0.9285714285714285
357,0.12460483950426389,0.12990935146808624,0.9609756097560975,0.9582801191996594
358,0.11103895259826253,0.16472019255161285,0.9560975609756097,0.9521088140646511
359,0.11255964493402378,0.13849607110023499,0.9512195121951219,0.9473838208443376
360,0.1090146724960794,0.13540716469287872,0.9609756097560975,0.9585291136908052
361,0.09495533772093481,0.13635116815567017,0.9609756097560975,0.9585291136908052
362,0.10448330120187424,0.12797491252422333,0.9658536585365853,0.9626809575095742
363,0.12028573066869042,0.1344350278377533,0.9463414634146341,0.9432598227733364
364,0.10609289922724209,0.14320020377635956,0.9560975609756097,0.9541312836445499
365,0.10966309546551445,0.16335941851139069,0.9560975609756097,0.9546525475278655
366,0.12292660442356285,0.1340358555316925,0.9707317073170731,0.9670541966095448
367,0.10810559800977987,0.1633124053478241,0.926829268292683,0.9239389594700439
368,0.11972730815660006,0.1448110044002533,0.9317073170731708,0.9285714285714285
369,0.09642246546356249,0.13447889685630798,0.9658536585365853,0.9628997990238299
370,0.11577478381629769,0.12817087769508362,0.9463414634146341,0.944899039065903
371,0.11080604629536553,0.1275015026330948,0.9463414634146341,0.944899039065903
372,0.09401391789504175,0.1315193623304367,0.9609756097560975,0.9582801191996594
373,0.0997292809032496,0.1341918706893921,0.9414634146341463,0.9381302849984342
374,0.09926616110562281,0.12193198502063751,0.9560975609756097,0.9538503994190268
375,0.09302678792328266,0.11903920769691467,0.9560975609756097,0.9515296567744004
376,0.10569698566173409,0.1366310864686966,0.9658536585365853,0.9626532567887344
377,0.09495124121091356,0.12140875309705734,0.9512195121951219,0.9493904867364086
378,0.10807973545465509,0.13358964025974274,0.9414634146341463,0.939966920668675
379,0.09010121815498903,0.12342921644449234,0.9658536585365853,0.9626809575095742
380,0.09308036638104267,0.11865542083978653,0.9414634146341463,0.938007968333702
381,0.09088252053038845,0.12365922331809998,0.9658536585365853,0.9626809575095742
382,0.10926114711676681,0.15218585729599,0.9609756097560975,0.9587662910945993
383,0.09359532457515285,0.12839385867118835,0.9658536585365853,0.9603920096081909
384,0.09733181256629433,0.12812377512454987,0.9609756097560975,0.9559751561683463
385,0.09514175685878579,0.13890717923641205,0.9707317073170731,0.9670541966095448
386,0.09469330158069043,0.12934552133083344,0.9463414634146341,0.9426178861788618
387,0.10737454186672944,0.12792526185512543,0.9512195121951219,0.9490597749091453
388,0.09732806349025112,0.12791280448436737,0.9609756097560975,0.9558993399339935
389,0.09352774363182578,0.1191561371088028,0.9463414634146341,0.944899039065903
390,0.09628131246841104,0.1232571229338646,0.9658536585365853,0.9626809575095742
391,0.09501561039287176,0.1361217349767685,0.9707317073170731,0.9670541966095448
392,0.08783988489391414,0.11763321608304977,0.9658536585365853,0.9626809575095742
393,0.09632667319295796,0.12467800080776215,0.9609756097560975,0.9582801191996594
394,0.08820485025956042,0.11726780235767365,0.9609756097560975,0.9582801191996594
395,0.10568826368164318,0.14482800662517548,0.9658536585365853,0.9628997990238299
396,0.1090335539195328,0.13604941964149475,0.9365853658536586,0.9353667392883079
397,0.12240919420908684,0.11726092547178268,0.9463414634146341,0.944899039065903
398,0.1039449959120491,0.14044341444969177,0.9658536585365853,0.9628997990238299
399,0.09131947092743099,0.12091374397277832,0.9658536585365853,0.9626809575095742
400,0.0939165693571378,0.1431005597114563,0.9609756097560975,0.9587662910945993
401,0.1072219198405992,0.11894583702087402,0.9414634146341463,0.9403746821185642
402,0.10638098119442432,0.11300704628229141,0.9512195121951219,0.9493904867364086
403,0.08823554504615991,0.12072526663541794,0.9463414634146341,0.9422508935234278
404,0.09206668312454822,0.1147066131234169,0.9560975609756097,0.9538503994190268
405,0.0844701581233216,0.11736113578081131,0.9463414634146341,0.9426178861788618
406,0.09199661533952258,0.11843019723892212,0.9560975609756097,0.9538503994190268
407,0.09006151039480664,0.12877926230430603,0.9609756097560975,0.9585291136908052
408,0.09239019777734908,0.15764683485031128,0.9560975609756097,0.9521088140646511
409,0.11885981866505356,0.17545416951179504,0.9609756097560975,0.9562962962962963
410,0.1368736956408832,0.18871380388736725,0.9219512195121952,0.9217997440889828
411,0.13727222981562676,0.12924635410308838,0.9560975609756097,0.951501105465265
412,0.08893158129381336,0.12412801384925842,0.9414634146341463,0.9403746821185642
413,0.09190290430599675,0.11508653312921524,0.9512195121951219,0.9493904867364086
414,0.09623257597620018,0.13921481370925903,0.9463414634146341,0.9447109612284049
415,0.11341436250938032,0.11457281559705734,0.9512195121951219,0.9493904867364086
416,0.08260818137533994,0.12427902221679688,0.9609756097560975,0.9585291136908052
417,0.0960420020953382,0.1260305792093277,0.9658536585365853,0.9603920096081909
418,0.1025005123854681,0.12466053664684296,0.9609756097560975,0.9558993399339935
419,0.08470539122071725,0.13771793246269226,0.9658536585365853,0.9628997990238299
420,0.08509966536234113,0.11830512434244156,0.9609756097560975,0.9559751561683463
421,0.08563893634405097,0.13234664499759674,0.9658536585365853,0.9628997990238299
422,0.08936394539088884,0.12809216976165771,0.9707317073170731,0.9694410066006601
423,0.08440041192904676,0.11746612191200256,0.9463414634146341,0.944899039065903
424,0.08727850502349094,0.1122923418879509,0.9609756097560975,0.9582801191996594
425,0.07804702074270867,0.11274287849664688,0.9512195121951219,0.9493904867364086
426,0.08946834024525088,0.1446772664785385,0.9658536585365853,0.9629124371501755
427,0.09100521324693409,0.13565580546855927,0.9609756097560975,0.9562398373983739
428,0.09498482888806066,0.11928457766771317,0.9707317073170731,0.9670541966095448
429,0.0870940083614453,0.11622705310583115,0.9463414634146341,0.9445307778641112
430,0.09480339173367831,0.11569295078516006,0.9463414634146341,0.9426178861788618
431,0.08609073415055683,0.11650741100311279,0.9658536585365853,0.9626809575095742
432,0.08735930670255397,0.1341896653175354,0.9609756097560975,0.9585291136908052
433,0.08155168705156159,0.11087657511234283,0.9658536585365853,0.9626809575095742
434,0.09068675831770798,0.11229583621025085,0.9658536585365853,0.9626809575095742
435,0.07833027538831763,0.11979672312736511,0.9658536585365853,0.9626809575095742
436,0.0840418058521578,0.1240067183971405,0.9658536585365853,0.9626809575095742
437,0.08453904994798504,0.11671417206525803,0.9658536585365853,0.9626809575095742
438,0.08050782952036818,0.10804152488708496,0.9463414634146341,0.9445307778641112
439,0.08703294404193947,0.1102544292807579,0.9609756097560975,0.9582801191996594
440,0.07807588776783964,0.12867923080921173,0.9609756097560975,0.9585291136908052
441,0.08060260863670744,0.1132810190320015,0.9609756097560975,0.9559751561683463
442,0.07288082357044,0.10631299018859863,0.9560975609756097,0.9538503994190268
443,0.07800525607673693,0.1349765956401825,0.975609756097561,0.9737716456477304
444,0.08066901480428344,0.11608876287937164,0.9658536585365853,0.9626844804962423
445,0.09289986630862727,0.12352655082941055,0.9707317073170731,0.9671036669777903
446,0.09329040654034794,0.10868663340806961,0.9560975609756097,0.9538503994190268
447,0.08613905388565742,0.11589614301919937,0.9560975609756097,0.9562845528455285
448,0.09070536319680793,0.1185583844780922,0.9707317073170731,0.9670541966095448
449,0.07399988102738328,0.12240151315927505,0.9658536585365853,0.9626809575095742
450,0.08128623845188189,0.12050045281648636,0.9609756097560975,0.9585291136908052
451,0.08427168749989825,0.11865679919719696,0.9707317073170731,0.9670541966095448
452,0.0785184284072042,0.10965225100517273,0.9658536585365853,0.9626809575095742
453,0.07286043318619788,0.11350413411855698,0.9463414634146341,0.944899039065903
454,0.07845251439879629,0.10813121497631073,0.9658536585365853,0.9626809575095742
455,0.0822278985667927,0.10980382561683655,0.9658536585365853,0.9626809575095742
456,0.07509439731616854,0.1072365865111351,0.9560975609756097,0.9538503994190268
457,0.07551541201240348,0.10793174058198929,0.9560975609756097,0.9538503994190268
458,0.08804831064645216,0.10694911330938339,0.9658536585365853,0.9626809575095742
459,0.07897201196045057,0.09845300018787384,0.9658536585365853,0.9626809575095742
460,0.07525645517529803,0.12603694200515747,0.9658536585365853,0.9628997990238299
461,0.0754022382542678,0.12860983610153198,0.9707317073170731,0.9695782520325203
462,0.08204791139982734,0.11824873089790344,0.975609756097561,0.9760499423436318
463,0.07747633455936878,0.10029217600822449,0.9560975609756097,0.9538503994190268
464,0.08434654917240642,0.11508714407682419,0.9707317073170731,0.9694410066006601
465,0.08036689073720238,0.11245357245206833,0.9707317073170731,0.9694410066006601
466,0.08620745730761703,0.11811431497335434,0.9707317073170731,0.9670541966095448
467,0.07545905856407836,0.10791141539812088,0.9609756097560975,0.960698723934018
468,0.08495128556898947,0.13582441210746765,0.9609756097560975,0.9562398373983739
469,0.07920102397891766,0.11646189540624619,0.9658536585365853,0.9626844804962423
470,0.06672106374631866,0.10891362279653549,0.9658536585365853,0.9626809575095742
471,0.06726136130269103,0.10979551076889038,0.975609756097561,0.973771434741025
472,0.08260694800809837,0.12184333056211472,0.9658536585365853,0.9626809575095742
473,0.0907292968620815,0.17172971367835999,0.9170731707317074,0.9055435617619642
474,0.12153428556031264,0.15059688687324524,0.9658536585365853,0.9654797524518265
475,0.08862714996273048,0.12767207622528076,0.9658536585365853,0.9603920096081909
476,0.07145202197290365,0.10044216364622116,0.9609756097560975,0.9582801191996594
477,0.0744156796001989,0.13113561272621155,0.9658536585365853,0.9604851930822079
478,0.08645762824239092,0.10081762820482254,0.9609756097560975,0.960698723934018
479,0.08563777149721169,0.10792295634746552,0.9658536585365853,0.9626532567887344
480,0.07186604574883831,0.11615384370088577,0.9609756097560975,0.9560209477168916
481,0.07856323972157354,0.10748995095491409,0.9658536585365853,0.9626809575095742
482,0.0722825117876839,0.11465352773666382,0.9707317073170731,0.9670541966095448
483,0.08913855656794424,0.12936991453170776,0.9560975609756097,0.9518259161907637
484,0.0802599281758444,0.13071320950984955,0.9658536585365853,0.9628997990238299
485,0.06728783542890429,0.1004057377576828,0.9609756097560975,0.9582801191996594
486,0.0763557660529803,0.1146998181939125,0.9707317073170731,0.9670541966095448
487,0.0616157763797369,0.10897370427846909,0.9658536585365853,0.9626809575095742
488,0.07512237619468358,0.10125359892845154,0.9560975609756097,0.9538503994190268
489,0.07540387604151809,0.13608653843402863,0.9658536585365853,0.9628997990238299
490,0.0783656979268066,0.10179002583026886,0.9658536585365853,0.9626809575095742
491,0.0705576206413273,0.11276017874479294,0.9658536585365853,0.9626809575095742
492,0.07066772741004512,0.12137633562088013,0.975609756097561,0.973771434741025
493,0.07928850921845088,0.10176245868206024,0.9658536585365853,0.9626809575095742
494,0.0702445940679586,0.0987301617860794,0.9560975609756097,0.9538503994190268
495,0.08078996626714782,0.1320083737373352,0.9512195121951219,0.9491879100148669
496,0.100700471846379,0.13104791939258575,0.9609756097560975,0.9585291136908052
497,0.07879438578583706,0.14822329580783844,0.9658536585365853,0.9629124371501755
498,0.07078274040167301,0.1242162361741066,0.9609756097560975,0.9585291136908052
499,0.06732802685334592,0.10777133703231812,0.9658536585365853,0.9626809575095742
500,0.06313241262253858,0.11684372276067734,0.9658536585365853,0.9626809575095742
